{"cameraMode":{"drawMode":0,"name":"Shaded","section":"Shading Mode"},"sceneLighting":false,"audioPlay":false,"sceneViewState":{"m_AlwaysRefresh":false,"showFog":true,"showSkybox":false,"showFlares":true,"showImageEffects":true,"showParticleSystems":true,"showVisualEffectGraphs":true,"m_FxEnabled":true},"in2DMode":false,"pivot":{"x":0.8381080627441406,"y":4.7427897453308109,"z":-0.029564857482910157},"rotation":{"x":-0.49622881412506106,"y":-0.1391880363225937,"z":0.08093900978565216,"w":-0.8531492948532105},"size":66.6491928100586,"orthographic":false}