{"cameraMode":{"drawMode":0,"name":"Shaded","section":"Shading Mode"},"sceneLighting":false,"audioPlay":false,"sceneViewState":{"m_AlwaysRefresh":false,"showFog":true,"showSkybox":false,"showFlares":true,"showImageEffects":true,"showParticleSystems":true,"showVisualEffectGraphs":true,"m_FxEnabled":true},"in2DMode":false,"pivot":{"x":27.889020919799806,"y":4.005208969116211,"z":0.031466782093048099},"rotation":{"x":-0.05504713952541351,"y":-0.9391412138938904,"z":0.28773820400238039,"w":-0.1795799434185028},"size":0.5895223617553711,"orthographic":false}