{"cameraMode":{"drawMode":0,"name":"Shaded","section":"Shading Mode"},"sceneLighting":false,"audioPlay":false,"sceneViewState":{"m_AlwaysRefresh":false,"showFog":true,"showSkybox":false,"showFlares":true,"showImageEffects":true,"showParticleSystems":true,"showVisualEffectGraphs":true,"m_FxEnabled":true},"in2DMode":false,"pivot":{"x":1.3611927032470704,"y":20.57848358154297,"z":13.839799880981446},"rotation":{"x":-0.3503544330596924,"y":-0.10479415208101273,"z":0.03946341201663017,"w":-0.9299160838127136},"size":50.168235778808597,"orthographic":false}