{"cameraMode":{"drawMode":0,"name":"Shaded","section":"Shading Mode"},"sceneLighting":false,"audioPlay":false,"sceneViewState":{"m_AlwaysRefresh":false,"showFog":true,"showSkybox":false,"showFlares":true,"showImageEffects":true,"showParticleSystems":true,"showVisualEffectGraphs":true,"m_FxEnabled":true},"in2DMode":false,"pivot":{"x":0.29307371377944949,"y":4.545423984527588,"z":18.762224197387697},"rotation":{"x":-0.6421295404434204,"y":0.07005377113819123,"z":-0.05910634249448776,"w":-0.7611112594604492},"size":3.5432662963867189,"orthographic":false}