{"cameraMode":{"drawMode":0,"name":"Shaded","section":"Shading Mode"},"sceneLighting":true,"audioPlay":false,"sceneViewState":{"m_AlwaysRefresh":false,"showFog":true,"showSkybox":true,"showFlares":true,"showImageEffects":true,"showParticleSystems":true,"showVisualEffectGraphs":true,"m_FxEnabled":true},"in2DMode":false,"pivot":{"x":-1.1410168409347535,"y":-4.749290466308594,"z":26.56455421447754},"rotation":{"x":0.24375708401203156,"y":0.02357223629951477,"z":-0.00592803256586194,"w":0.9695406556129456},"size":13.908727645874024,"orthographic":false}